{"cameraMode":{"drawMode":0,"name":"Shaded","section":"Shading Mode"},"sceneLighting":true,"audioPlay":false,"sceneViewState":{"showFog":true,"showMaterialUpdate":false,"showSkybox":true,"showFlares":true,"showImageEffects":true,"showParticleSystems":true},"in2DMode":false,"pivot":{"x":46.47697448730469,"y":8.641042709350586,"z":4.540340423583984},"rotation":{"x":0.09191158413887024,"y":0.6533326506614685,"z":-0.08036837726831436,"w":0.747162938117981},"size":90.78923034667969,"orthographic":false}